2266;Пилка 100/180 банан серый Salon , 1 шт.;9.3;0;;;12
1593;Пилка Salon 100/100 узкая серая;9.3;17;;;12
1592;Пилка Salon 80/80 узкая серая;9.3;18;;;12
786;Пилка Salon банан белый 100/100;9.3;0;;;12
787;Пилка Salon банан белый 80/80;9.3;0;;;12
788;Пилка Salon банан серый 100/100;9.3;8;;;12
1619;Пилка Salon банан серый 80/80;9.3;12;;;12
627;Пилка Salon полубанан белая 100/100;9.3;2;;;12
628;Пилка Salon полубанан белая 80/80;9.3;10;;;12
1981;Пилка Salon полубанан золотая 100/100;9.3;5;;;12
1982;Пилка Salon полубанан золотая 100/180;9.3;14;;;12
621;Пилка Salon полубанан серая 100/100;9.3;-2;;;12
1983;Пилка Salon полубанан серая 100/180;9.3;-6;;;12
622;Пилка Salon полубанан серая 80/80;9.3;-1;;;12
630;Пилка Salon полубанан черная 100/100;9.3;21;;;12
629;Пилка Salon полубанан черная 80/80;9.3;26;;;12
2185;Пилка Salon серая узкая 180/180;9.3;1;;;12
620;Пилка Salon серая широкая 100/180;9.3;14;;;12
1427;Пилка Salon узкая белая 100/100;9.3;9;;;12
1398;Пилка Salon узкая белая 80/80;9.3;5;;;12
2035;Пилка Salon узкая золотая 100/100;9.3;5;;;12
2034;Пилка Salon узкая золотая 180/240;9.3;6;;;12
1984;Пилка Salon узкая золотая 80/80;9.3;2;;;12
2038;Пилка Salon узкая серая 100/180;9.3;-12;;;12
1903;Пилка Salon узкая серая 180/240;9.3;1;;;12
625;Пилка Salon широкая белая 100/100;9.3;15;;;12
626;Пилка Salon широкая белая 80/80 ;9.3;7;;;12
618;Пилка Salon широкая серая 100/100;9.3;26;;;12
619;Пилка Salon широкая серая 80/80;9.3;18;;;12
768;Пилка Salon широкая черная 100/100 ;9.3;21;;;12
769;Пилка Salon широкая черная 80/80;9.3;12;;;12
